{"cameraMode":{"drawMode":0,"name":"Shaded","section":"Shading Mode"},"sceneLighting":false,"audioPlay":false,"sceneViewState":{"m_AlwaysRefresh":false,"showFog":true,"showSkybox":false,"showFlares":true,"showImageEffects":true,"showParticleSystems":true,"showVisualEffectGraphs":true,"m_FxEnabled":true},"in2DMode":false,"pivot":{"x":0.03947359323501587,"y":0.5574359893798828,"z":0.011028647422790528},"rotation":{"x":-0.5574536919593811,"y":-0.0027434483636170627,"z":0.0018371776677668095,"w":-0.8302211761474609},"size":0.9066330790519714,"orthographic":false}