{"cameraMode":{"drawMode":0,"name":"Shaded","section":"Shading Mode"},"sceneLighting":false,"audioPlay":false,"sceneViewState":{"m_AlwaysRefresh":false,"showFog":true,"showSkybox":false,"showFlares":true,"showImageEffects":true,"showParticleSystems":true,"showVisualEffectGraphs":true,"m_FxEnabled":true},"in2DMode":false,"pivot":{"x":-0.027090027928352357,"y":0.18189750611782075,"z":-0.027729183435440065},"rotation":{"x":-0.5197723507881165,"y":0.3854663074016571,"z":-0.2830083668231964,"w":-0.7079495191574097},"size":0.6770356893539429,"orthographic":false}