{"cameraMode":{"drawMode":0,"name":"Shaded","section":"Shading Mode"},"sceneLighting":false,"audioPlay":false,"sceneViewState":{"m_AlwaysRefresh":false,"showFog":true,"showSkybox":false,"showFlares":true,"showImageEffects":true,"showParticleSystems":true,"showVisualEffectGraphs":true,"m_FxEnabled":true},"in2DMode":false,"pivot":{"x":-0.0655968189239502,"y":2.7809107303619386,"z":0.06852173805236817},"rotation":{"x":-0.5574536919593811,"y":-0.0027434483636170627,"z":0.0018371776677668095,"w":-0.8302211761474609},"size":3.3407845497131349,"orthographic":false}