{"cameraMode":{"drawMode":0,"name":"Shaded","section":"Shading Mode"},"sceneLighting":false,"audioPlay":false,"sceneViewState":{"m_AlwaysRefresh":false,"showFog":true,"showSkybox":false,"showFlares":true,"showImageEffects":true,"showParticleSystems":true,"showVisualEffectGraphs":true,"m_FxEnabled":true},"in2DMode":false,"pivot":{"x":-0.10209929943084717,"y":0.035846829414367679,"z":0.08352541923522949},"rotation":{"x":-0.5197723507881165,"y":0.3854663074016571,"z":-0.2830083668231964,"w":-0.7079495191574097},"size":3.838465452194214,"orthographic":false}