{"cameraMode":{"drawMode":0,"name":"Shaded","section":"Shading Mode"},"sceneLighting":false,"audioPlay":false,"sceneViewState":{"m_AlwaysRefresh":false,"showFog":true,"showSkybox":false,"showFlares":true,"showImageEffects":true,"showParticleSystems":true,"showVisualEffectGraphs":true,"m_FxEnabled":true},"in2DMode":false,"pivot":{"x":-0.0023993924260139467,"y":0.11494863033294678,"z":0.006429344415664673},"rotation":{"x":-0.5574536919593811,"y":-0.0027434483636170627,"z":0.0018371776677668095,"w":-0.8302211761474609},"size":0.1653311848640442,"orthographic":false}