{"cameraMode":{"drawMode":0,"name":"Shaded","section":"Shading Mode"},"sceneLighting":false,"audioPlay":false,"sceneViewState":{"m_AlwaysRefresh":false,"showFog":true,"showSkybox":false,"showFlares":true,"showImageEffects":true,"showParticleSystems":true,"showVisualEffectGraphs":true,"m_FxEnabled":true},"in2DMode":false,"pivot":{"x":0.02681111916899681,"y":0.1818237602710724,"z":-0.0010645687580108643},"rotation":{"x":-0.5574536919593811,"y":-0.0027434483636170627,"z":0.0018371776677668095,"w":-0.8302211761474609},"size":0.2792750597000122,"orthographic":false}